{"age": {"type": "numeric", "samples": [22, 26, 20, 23, 23, 22, 11, 23, 24, 23, 21, 23, 22, 24, 20, 24, 24, 21, 21, 21, 22, 25, 20, 23, 22, 21, 21, 22, 22, 23, 23, 26, 25, 24, 23, 23]}, "income": {"type": "numeric", "samples": [12000, 10813, 11000, 12000, 12000, 12000, 10000, 80000, 83000, 92111, 10000, 12000, 59000, 54400, 10000, 700, 10800, 9900, 10000, 9600, 80000, 9600, 10000, 65500, 10000, 11000, 11500, 12600, 48000, 113000, 11000, 77100, 16250, 78956, 11500, 10111]}, "home_ownership": {"type": "categorical", "frequencies": {"RENT": 0.8333333333333334, "OWN": 0.1388888888888889, "MORTGAGE": 0.027777777777777776}}, "emp_length": {"type": "numeric", "samples": [2.0, 4.0, 0.0, 0.0, 7.0, 5.0, 5.0, 7.0, 8.0, 7.0, 6.0, 5.0, 123.0, 8.0, 4.0, 0.0, 8.0, 2.0, 2.0, 5.0, 6.0, 1.0, 2.0, 4.0, 3.0, 3.0, 4.0, 0.0, 4.0, 7.0, 1.0, 8.0, 2.0, 2.0, 2.0, 1.0]}, "loan_intent": {"type": "categorical", "frequencies": {"EDUCATION": 0.3055555555555556, "MEDICAL": 0.25, "PERSONAL": 0.2222222222222222, "VENTURE": 0.1388888888888889, "HOMEIMPROVEMENT": 0.05555555555555555, "EYE_DRY": 0.027777777777777776}}, "loan_grade": {"type": "categorical", "frequencies": {"A": 0.3888888888888889, "C": 0.2222222222222222, "B": 0.16666666666666666, "D": 0.1388888888888889, "E": 0.05555555555555555, "F": 0.027777777777777776}}, "loan_amnt": {"type": "numeric", "samples": [1500, 1900, 1500, 1500, 2500, 1500, 2500, 35000, 35000, 35000, 1600, 1500, 35000, 35000, 1600, 1500, 1750, 2500, 4500, 1000, 35000, 5500, 1000, 35000, 1500, 1000, 3000, 2000, 30000, 35000, 3000, 35000, 4000, 35000, 800, 1500]}, "loan_int_rate": {"type": "numeric", "samples": [14.27, 18.39, 7.49, 12.73, 13.49, 7.49, 7.14, 7.49, 8.9, 20.25, 14.74, 14.27, 16.02, 14.27, 7.49, 12.04, 10.99, 7.14, 8.63, 11.14, 16.02, 12.87, 10.37, 15.23, 7.49, 8.49, 14.27, 7.74, 18.39, 18.25, 13.49, 12.42, 7.49, 11.11, 7.9, 7.49]}, "loan_percent_income": {"type": "numeric", "samples": [0.13, 0.18, 0.14, 0.13, 0.21, 0.13, 0.25, 0.44, 0.42, 0.32, 0.16, 0.13, 0.59, 0.55, 0.16, 2.14, 0.16, 0.25, 0.45, 0.1, 0.44, 0.57, 0.1, 0.53, 0.15, 0.09, 0.26, 0.16, 0.62, 0.31, 0.27, 0.45, 0.25, 0.44, 0.07, 0.15]}, "cb_person_default_on_file": {"type": "categorical", "frequencies": {"N": 0.8333333333333334, "Y": 0.16666666666666666}}, "cb_person_cred_hist_length": {"type": "numeric", "samples": [2, 2, 4, 2, 4, 3, 2, 4, 2, 4, 3, 3, 3, 4, 4, 2, 2, 2, 2, 2, 3, 3, 4, 2, 4, 3, 2, 4, 4, 4, 4, 3, 3, 4, 4, 4]}}