{"8b76e24a-5ef9-49d5-b040-4d913df8207c": 0, "2cc7aaf9-fb4d-4cb9-b9d9-606086469b24": 0, "1ea5ff8e-4b32-4062-ac3f-41e927d9aa8e": 0, "ee879d23-67dd-476e-b650-0e3137d7ae02": 0, "e405ce18-b693-4bbf-9b66-145e5f246024": 0, "41d42976-2813-4667-b416-1385f65944dc": 0, "fdd40561-c59a-4b0c-b149-f536319c0131": 0, "f1ed88de-99ec-4261-bb5f-c8f243360b83": 0, "aeff938e-7c38-4303-8b76-fab5e6a6b96d": 0, "868d1b18-2cd2-436b-b08d-219ed6c4dc9e": 0, "05a902ef-2066-4242-818b-e8bebac0aa70": 0, "fb4215d9-c460-44f6-821f-e16efb1f0333": 0, "web-req-1777313500307": 0, "b16239ca-58e3-41ba-8724-dbd2956df0b5": 1, "3197a65c-b178-4d62-a616-7ecf11a5da62": 1, "b5ba302b-928d-4dd9-8067-708f9e60fb2c": 1, "26267f2f-dbb7-4612-901b-0b92c58aa557": 1, "8818736f-395b-4a6e-bcb6-7d86df5f7abb": 1, "4b4f9ce4-a39b-435e-8cec-96933114e25f": 1, "3c9c0a1c-4634-4597-bed1-e7a604bfcf52": 1, "40510cca-ebca-41da-9efa-1aefb89007eb": 0, "6e5616f4-e4d5-4671-94c9-8b3f541c2f2d": 0, "14789cce-41d3-49b8-b32b-76e498365d79": 453151.8269000001, "6bd83ad9-f293-47fd-bcc5-676b1367de1f": 389702.19999999984, "3b7a502b-5f34-445b-8a5e-bcfefafd3701": 371212.02099999954, "9c219b60-c6ce-4f71-8490-2ba35d3b2b22": 378956.6703999997, "55ca9076-cd10-474a-9094-6bbc36c7756c": 25.246699999999986, "51f1aa4d-ddb7-4ba9-9710-dcb7dca5c517": 25.246699999999986, "16707026-99cd-4849-b7b6-37bd46522393": 25.716600000000014, "72655dfb-1fea-4f61-bdba-c978999d5981": 25.716600000000014, "82034d4d-fe4a-4fff-a406-33d33e00bbe7": 25.39010000000001, "13038b70-aa0c-4d8c-a24d-cfcda17b8b27": 27.503099999999986, "e7f60659-db6d-4231-8d21-37ef70399d20": 0, "f0ec3005-ded7-4326-8fdd-92f28387a151": "S", "3d6f6f0c-847e-4ef1-9ade-164b0e9c2019": "C", "e0a17844-2e36-47e2-b35c-aa95ab9d8937": "C", "899a1d45-f4fb-496c-94a7-17a8e59e4f3d": "C", "c8b74c64-6d0c-4cf3-8f2c-7f02178f0eef": "C", "a369b39f-9907-48ee-a060-184336fc6471": "S", "4a4472ae-8d94-4300-8193-17d02d426144": 1, "7e518c83-c879-4848-8474-e357d33cc1d6": 407540.3472000001, "84ee1bcf-b1c3-4269-8ac9-3e0333b992e9": 407540.34719999996, "f09549d8-ddb4-48b7-9bb0-6b706c88f412": 581507.9847000004}